Epoch,TrainLoss,ValDice
1,396.3699735868722,0.9922610521316528
2,55.026911394204944,0.9938181638717651
