Epoch,TrainLoss,ValDice
1,396.3699735868722,0.9922610521316528
2,55.026911394204944,0.9938181638717651
3,34.819325506919995,0.9893290996551514
4,28.403541713953018,0.9931288957595825
5,26.291660746443085,0.9916471242904663
