Epoch,TrainLoss,ValDice
1,396.3699735868722,0.9922610521316528
